{"cameraMode":{"drawMode":0,"name":"Shaded","section":"Shading Mode"},"sceneLighting":true,"audioPlay":false,"sceneViewState":{"m_AlwaysRefresh":false,"showFog":true,"showSkybox":true,"showFlares":true,"showImageEffects":true,"showParticleSystems":true,"showVisualEffectGraphs":true,"m_FxEnabled":false},"in2DMode":false,"pivot":{"x":151.94073486328126,"y":1.3442676067352296,"z":42.78396987915039},"rotation":{"x":0.3726419508457184,"y":0.0961231142282486,"z":-0.038830190896987918,"w":0.9222238063812256},"size":23.266887664794923,"orthographic":false}