{"cameraMode":{"drawMode":0,"name":"Shaded","section":"Shading Mode"},"sceneLighting":true,"audioPlay":false,"sceneViewState":{"m_AlwaysRefresh":false,"showFog":true,"showSkybox":true,"showFlares":true,"showImageEffects":true,"showParticleSystems":true,"showVisualEffectGraphs":true,"m_FxEnabled":true},"in2DMode":false,"pivot":{"x":-7.286522388458252,"y":1.4525964260101319,"z":14.585135459899903},"rotation":{"x":-0.18225187063217164,"y":0.019760051742196084,"z":-0.0036635329015552999,"w":-0.983069658279419},"size":22.879913330078126,"orthographic":false}