{"cameraMode":{"drawMode":0,"name":"Shaded","section":"Shading Mode"},"sceneLighting":true,"audioPlay":false,"sceneViewState":{"m_AlwaysRefresh":false,"showFog":true,"showSkybox":true,"showFlares":true,"showImageEffects":true,"showParticleSystems":true,"showVisualEffectGraphs":true,"m_FxEnabled":true},"in2DMode":false,"pivot":{"x":98.38076782226563,"y":18.513397216796876,"z":58.36205291748047},"rotation":{"x":-0.18374603986740113,"y":0.013853630982339383,"z":-0.0026084508281201126,"w":-0.9828945994377136},"size":16.914278030395509,"orthographic":false}